video_id,video_title,channel_title,views,likes,comments,eng_score
"#2025onlineua4 (44,500) Honda CB300R HRC FrancisGP85 (France)",FrancisGP,Honda Moto France,,0.0,0.0,
#Honda #Transalp #XL750 | Encendido y sonido,Alets Go,Honda Transalp,,0.0,0.0,
#Honda #cb500x #hondamotorcycles  #adventurebike #advrider #hondaadventure #hondabigwing,Dwayne Galley,Honda CB500X,,0.0,0.0,
#cb125r #honda #moto #motorcycle #night #pourtoi #shorts,hd_m.t.s,Honda Moto France,,0.0,0.0,
#france #moto #voiture #motovlog #autoroute #honda #accidente,Marequin Rider,Honda Moto France,,0.0,0.0,
#honda #africa #twin #custom #motorcycle #offroad #adventure #bike #motorsports #edition #trail #ktm,r6realtor,Honda Africa Twin,,0.0,0.0,
#top #top10 des #scooters les plus vol√©es en #France #2024 #tmax #forza #xadv #adv #yamaha #honda,Le Tour du Proprio,Honda Moto France,,0.0,0.0,
&quot;Test&quot; La 125 la plus vendue en France üòÅ &quot;Honda Forza 125 de 2020&quot;,Lunaris2142,Honda Moto France,,0.0,0.0,
-HSOwlC072Q,Une nouvelle √®re approche | Honda Moto France,HondaMotoFrance,,0.0,0.0,
0U3ZWwsZ9OM,Essai routier d‚Äôune Goldwing 2025 #goldwing #moto #hondamotorcycles,Le Coursier 300K,,0.0,0.0,
